{
	"textures": {
		"flamethrower": "./flamethrower"
	},
    "display": {
        "thirdperson": {
            "rotation": [ 60, 0, 180 ],
            "translation": [ 0, 0.4, -3 ],
            "scale": [ 0.9, 0.9, 0.9 ]
        },
        "firstperson": {
            "rotation": [ 0, -54, 0 ],
            "translation": [ -2, 6, 0 ],
            "scale": [ 1.9, 1.9, 1.9 ]
        },
        "gui": {
            "rotation": [ 0, 0, 0 ],
            "translation": [ 1.2, 2, 0.2 ],
            "scale": [ 1.54, 1.54, 1.54 ]
        },
        "ground": {
            "rotation": [ 0, 0, 0 ],
            "translation": [ 0, -14, 0 ],
            "scale": [ 3, 3, 3 ]
        },
		"fixed": {
            "rotation": [ 45, 90, 0 ],
            "translation": [ 2, -0.6, 0 ],
            "scale": [ 2.2, 2.2, 2.2 ]
        }
	},
	"elements": [
		{
			"from": [8, 7.2, 8.3],
			"to": [8, 9.2, 11.3],
			"rotation": {"angle": 0, "axis": "y", "origin": [0, 5, 15.4]},
			"faces": {
				"north": {"uv": [0, 0, 0, 3], "texture": "#flamethrower"},
				"east": {"uv": [16, 12, 13, 14], "texture": "#flamethrower"},
				"south": {"uv": [0, 0, 0, 3], "texture": "#flamethrower"},
				"west": {"uv": [13, 12, 16, 14], "texture": "#flamethrower"},
				"up": {"uv": [0, 0, 0, 3], "texture": "#flamethrower"},
				"down": {"uv": [0, 0, 0, 3], "texture": "#flamethrower"}
			}
		},
		{
			"from": [6, 2, 4],
			"to": [10, 8, 8],
			"rotation": {"angle": 0, "axis": "x", "origin": [8, 9, 6]},
			"faces": {
				"north": {"uv": [0, 0, 4, 6], "texture": "#flamethrower"},
				"east": {"uv": [4, 0, 0, 6], "texture": "#flamethrower"},
				"south": {"uv": [0, 0, 4, 6], "texture": "#flamethrower"},
				"west": {"uv": [0, 0, 4, 6], "texture": "#flamethrower"},
				"up": {"uv": [0, 0, 4, 1], "rotation": 90, "texture": "#flamethrower"},
				"down": {"uv": [0, 5, 4, 6], "rotation": 270, "texture": "#flamethrower"}
			}
		},
		{
			"from": [6.2, 9.2, 3.5],
			"to": [9.8, 12.8, 13.1],
			"faces": {
				"north": {"uv": [6, 4, 7, 8], "texture": "#flamethrower"},
				"east": {"uv": [16, 4, 6, 8], "texture": "#flamethrower"},
				"south": {"uv": [15, 4, 16, 8], "texture": "#flamethrower"},
				"west": {"uv": [6, 4, 16, 8], "texture": "#flamethrower"},
				"up": {"uv": [6, 0, 16, 4], "rotation": 90, "texture": "#flamethrower"},
				"down": {"uv": [6, 7, 16, 8], "texture": "#flamethrower"}
			}
		},
		{
			"from": [6.8, 10.2, -2.4],
			"to": [9.2, 12.6, 4],
			"faces": {
				"north": {"uv": [12, 8, 16, 12], "texture": "#flamethrower"},
				"east": {"uv": [16, 14, 10, 16], "texture": "#flamethrower"},
				"south": {"uv": [15, 14, 16, 16], "texture": "#flamethrower"},
				"west": {"uv": [10, 14, 16, 16], "texture": "#flamethrower"},
				"up": {"uv": [0, 14, 6, 16], "rotation": 90, "texture": "#flamethrower"},
				"down": {"uv": [10, 15, 16, 16], "rotation": 270, "texture": "#flamethrower"}
			}
		},
		{
			"from": [6.4, 9.7, -2.6],
			"to": [9.6, 12.9, 2.6],
			"faces": {
				"north": {"uv": [6, 8, 12, 14], "texture": "#flamethrower"},
				"east": {"uv": [0, 6, 5, 9], "texture": "#flamethrower"},
				"south": {"uv": [0, 0, 0, 0], "texture": "#flamethrower"},
				"west": {"uv": [0, 6, 5, 9], "texture": "#flamethrower"},
				"up": {"uv": [0, 6, 5, 9], "rotation": 90, "texture": "#flamethrower"},
				"down": {"uv": [0, 6, 5, 9], "rotation": 90, "texture": "#flamethrower"}
			}
		},
		{
			"from": [7, 5, 8.9],
			"to": [9, 11, 10.9],
			"rotation": {"angle": -22.5, "axis": "x", "origin": [8, 13, 10.4]},
			"faces": {
				"north": {"uv": [0, 9, 6, 10], "rotation": 90, "texture": "#flamethrower"},
				"east": {"uv": [0, 9, 6, 11], "rotation": 90, "texture": "#flamethrower"},
				"south": {"uv": [0, 10, 6, 11], "rotation": 90, "texture": "#flamethrower"},
				"west": {"uv": [6, 9, 0, 11], "rotation": 270, "texture": "#flamethrower"},
				"up": {"uv": [0, 9, 1, 11], "texture": "#flamethrower"},
				"down": {"uv": [5, 9, 6, 11], "texture": "#flamethrower"}
			}
		},
		{
			"from": [7, 6.9, 5],
			"to": [9, 9.9, 7],
			"rotation": {"angle": 0, "axis": "x", "origin": [8, 9, 6]},
			"faces": {
				"north": {"uv": [1, 11, 4, 12], "rotation": 90, "texture": "#flamethrower"},
				"east": {"uv": [1, 11, 4, 13], "rotation": 90, "texture": "#flamethrower"},
				"south": {"uv": [1, 12, 4, 13], "texture": "#flamethrower"},
				"west": {"uv": [4, 11, 1, 13], "rotation": 270, "texture": "#flamethrower"},
				"up": {"uv": [1, 11, 2, 13], "texture": "#flamethrower"},
				"down": {"uv": [3, 11, 4, 13], "rotation": 180, "texture": "#flamethrower"}
			}
		}
	]
}