{
	"textures": {
		"magnum": "./magnum"
	},
    "display": {
        "thirdperson": {
            "rotation": [ 60, 0, 180 ],
            "translation": [ 0, 0.4, -3 ],
            "scale": [ 0.9, 0.9, 0.9 ]
        },
        "firstperson": {
            "rotation": [ 0, -54, 0 ],
            "translation": [ -2, 6, 0 ],
            "scale": [ 1.9, 1.9, 1.9 ]
        },
        "gui": {
            "rotation": [ 0, 0, 0 ],
            "translation": [ 0, 2, 0 ],
            "scale": [ 2, 2, 2 ]
        },
        "ground": {
            "rotation": [ 0, 0, 0 ],
            "translation": [ 0, -14, 0 ],
            "scale": [ 3, 3, 3 ]
        },
		"fixed": {
            "rotation": [ 45, 90, 0 ],
            "translation": [ 2, 2, 0 ],
            "scale": [ 3, 3, 3 ]
        }
    },
	"elements": [
		{
			"from": [7.1, 1, 9.5],
			"to": [8.9, 6, 11.5],
			"rotation": {"angle": -22.5, "axis": "x", "origin": [8, 6, 9]},
			"faces": {
				"north": {"uv": [3, 14, 8, 15], "rotation": 90, "texture": "#magnum"},
				"east": {"uv": [3, 14, 8, 16], "rotation": 90, "texture": "#magnum"},
				"south": {"uv": [7, 14, 10, 16], "rotation": 90, "texture": "#magnum"},
				"west": {"uv": [8, 14, 3, 16], "rotation": 270, "texture": "#magnum"},
				"up": {"uv": [3, 14, 4, 16], "texture": "#magnum"},
				"down": {"uv": [8, 14, 9.8, 16], "texture": "#magnum"}
			}
		},
		{
			"from": [7, 6, 2],
			"to": [9, 8, 10],
			"faces": {
				"north": {"uv": [8, 0, 12, 4], "texture": "#magnum"},
				"east": {"uv": [8, 2, 0, 4], "texture": "#magnum"},
				"south": {"uv": [8, 4, 10, 6], "texture": "#magnum"},
				"west": {"uv": [0, 2, 8, 4], "texture": "#magnum"},
				"up": {"uv": [0, 0, 8, 2], "rotation": 90, "texture": "#magnum"},
				"down": {"uv": [0, 3, 8, 4], "rotation": 270, "texture": "#magnum"}
			}
		},
		{
			"from": [8, 3.6, 7.8],
			"to": [8, 6.6, 10.8],
			"faces": {
				"north": {"uv": [0, 0, 0, 3], "texture": "#missing"},
				"east": {"uv": [16, 13, 13, 16], "texture": "#magnum"},
				"south": {"uv": [0, 0, 0, 3], "texture": "#missing"},
				"west": {"uv": [13, 13, 16, 16], "texture": "#magnum"},
				"up": {"uv": [0, 0, 0, 3], "texture": "#missing"},
				"down": {"uv": [0, 0, 0, 3], "texture": "#missing"}
			}
		},
		{
			"from": [6.5, 5.5, 7],
			"to": [9.5, 8.5, 11],
			"faces": {
				"north": {"uv": [0, 0, 3, 3], "texture": "#magnum"},
				"east": {"uv": [1, 1, 5, 4], "texture": "#magnum"},
				"south": {"uv": [0, 4, 3, 7], "texture": "#magnum"},
				"west": {"uv": [5, 1, 1, 4], "texture": "#magnum"},
				"up": {"uv": [0, 0, 3, 4], "texture": "#magnum"},
				"down": {"uv": [3, 4, 6, 8], "texture": "#magnum"}
			}
		},
		{
			"from": [7, 5, 10],
			"to": [9, 7, 12],
			"faces": {
				"north": {"uv": [0, 11, 1, 13], "texture": "#magnum"},
				"east": {"uv": [2, 11, 0, 13], "texture": "#magnum"},
				"south": {"uv": [1, 11, 2, 13], "texture": "#magnum"},
				"west": {"uv": [0, 11, 2, 13], "texture": "#magnum"},
				"up": {"uv": [0, 11, 2, 12], "rotation": 90, "texture": "#magnum"},
				"down": {"uv": [0, 12, 2, 13], "rotation": 270, "texture": "#magnum"}
			}
		},
		{
			"from": [8, 7, 11],
			"to": [8, 8, 12],
			"faces": {
				"north": {"uv": [0, 0, 0, 1], "texture": "#missing"},
				"east": {"uv": [4, 4, 5, 5], "texture": "#magnum"},
				"south": {"uv": [0, 0, 0, 1], "texture": "#missing"},
				"west": {"uv": [4, 4, 5, 5], "texture": "#magnum"},
				"up": {"uv": [0, 0, 0, 1], "texture": "#missing"},
				"down": {"uv": [0, 0, 0, 1], "texture": "#missing"}
			}
		}
	]
}