{
	"texture_size": [32, 32],
	"textures": {
		"rifle": "./rifle"
	},
    "display": {
        "thirdperson": {
            "rotation": [ 60, 0, 180 ],
            "translation": [ 0, 0.4, -3 ],
            "scale": [ 0.9, 0.9, 0.9 ]
        },
        "firstperson": {
            "rotation": [ 0, -54, 0 ],
            "translation": [ -2, 6, 0 ],
            "scale": [ 1.9, 1.9, 1.9 ]
        },
        "gui": {
            "rotation": [ 0, 0, 0 ],
            "translation": [ 1.2, 2, 0.2 ],
            "scale": [ 1.54, 1.54, 1.54 ]
        },
        "ground": {
            "rotation": [ 0, 0, 0 ],
            "translation": [ 0, -14, 0 ],
            "scale": [ 3, 3, 3 ]
        },
		"fixed": {
            "rotation": [ 45, 90, 0 ],
            "translation": [ 2, -0.6, 0 ],
            "scale": [ 2.2, 2.2, 2.2 ]
        }
    },
	"elements": [
		{
			"from": [7.1, 3, 8],
			"to": [8.9, 7, 10],
			"rotation": {"angle": -22.5, "axis": "x", "origin": [8, 6, 9]},
			"faces": {
				"north": {"uv": [2, 0, 4, 0.5], "rotation": 90, "texture": "#rifle"},
				"east": {"uv": [2, 0, 4, 1], "rotation": 90, "texture": "#rifle"},
				"south": {"uv": [3.5, 0, 4.5, 1], "rotation": 90, "texture": "#rifle"},
				"west": {"uv": [4, 0, 2, 1], "rotation": 270, "texture": "#rifle"},
				"up": {"uv": [2, 0, 2.5, 1], "texture": "#rifle"},
				"down": {"uv": [3.5, 0, 4.5, 1], "texture": "#rifle"}
			}
		},
		{
			"from": [7.1, 6.72151, -0.76985],
			"to": [8.9, 9.72151, 1.23015],
			"rotation": {"angle": 22.5, "axis": "x", "origin": [8, 8, 0]},
			"faces": {
				"north": {"uv": [11.5, 12, 13, 12.5], "rotation": 90, "texture": "#rifle"},
				"east": {"uv": [11.5, 12, 13, 13], "rotation": 90, "texture": "#rifle"},
				"south": {"uv": [11.5, 12.5, 13, 13], "rotation": 90, "texture": "#rifle"},
				"west": {"uv": [13, 12, 11.5, 13], "rotation": 270, "texture": "#rifle"},
				"up": {"uv": [11.5, 12, 12, 13], "texture": "#rifle"},
				"down": {"uv": [12.5, 12, 13, 13], "rotation": 180, "texture": "#rifle"}
			}
		},
		{
			"from": [7.1, 8, 7],
			"to": [8.9, 9, 11],
			"rotation": {"angle": 0, "axis": "x", "origin": [8, 6, 9]},
			"faces": {
				"north": {"uv": [0, 6, 0.5, 6.5], "rotation": 270, "texture": "#rifle"},
				"east": {"uv": [2, 6, 0, 6.5], "texture": "#rifle"},
				"south": {"uv": [1, 6, 2, 6.5], "rotation": 270, "texture": "#rifle"},
				"west": {"uv": [0, 6, 2, 6.5], "texture": "#rifle"},
				"up": {"uv": [0, 6, 2, 6.5], "rotation": 90, "texture": "#rifle"},
				"down": {"uv": [0, 6, 2, 6.5], "rotation": 270, "texture": "#rifle"}
			}
		},
		{
			"from": [7.1, 0, 5],
			"to": [8.9, 6, 7],
			"rotation": {"angle": 22.5, "axis": "x", "origin": [8, 6, 9]},
			"faces": {
				"north": {"uv": [10, 10.5, 13, 11], "rotation": 90, "texture": "#rifle"},
				"east": {"uv": [10, 10.5, 13, 11.5], "rotation": 90, "texture": "#rifle"},
				"south": {"uv": [10, 11, 13, 11.5], "rotation": 90, "texture": "#rifle"},
				"west": {"uv": [13, 10.5, 10, 11.5], "rotation": 270, "texture": "#rifle"},
				"up": {"uv": [10, 10.5, 10.5, 11.5], "texture": "#rifle"},
				"down": {"uv": [12.5, 10.5, 13, 11.5], "texture": "#rifle"}
			}
		},
		{
			"from": [7, 6, -4],
			"to": [9, 8, 15],
			"faces": {
				"north": {"uv": [0, 2, 2, 4], "texture": "#rifle"},
				"east": {"uv": [13, 4.5, 3, 5.5], "texture": "#rifle"},
				"south": {"uv": [3.5, 0, 4.5, 1], "texture": "#rifle"},
				"west": {"uv": [3, 4.5, 13, 5.5], "texture": "#rifle"},
				"up": {"uv": [3, 3, 13, 4], "rotation": 90, "texture": "#rifle"},
				"down": {"uv": [3, 5, 13, 5.5], "rotation": 270, "texture": "#rifle"}
			}
		},
		{
			"from": [7, 8.9, -1],
			"to": [9, 9.9, 12],
			"faces": {
				"north": {"uv": [6.5, 6, 7, 6.5], "texture": "#rifle"},
				"east": {"uv": [13, 6, 6.5, 6.5], "texture": "#rifle"},
				"south": {"uv": [12, 6, 13, 6.5], "texture": "#rifle"},
				"west": {"uv": [6.5, 6, 13, 6.5], "texture": "#rifle"},
				"up": {"uv": [6.5, 7, 13, 8], "rotation": 90, "texture": "#rifle"},
				"down": {"uv": [6.5, 6, 13, 6.5], "rotation": 270, "texture": "#rifle"}
			}
		},
		{
			"from": [8, 4, 6],
			"to": [8, 7, 9],
			"faces": {
				"north": {"uv": [0, 0, 0, 3], "texture": "#rifle"},
				"east": {"uv": [7, 0, 5.5, 1.5], "texture": "#rifle"},
				"south": {"uv": [0, 0, 0, 3], "texture": "#rifle"},
				"west": {"uv": [5.5, 0, 7, 1.5], "texture": "#rifle"},
				"up": {"uv": [0, 0, 0, 3], "texture": "#rifle"},
				"down": {"uv": [0, 0, 0, 3], "texture": "#rifle"}
			}
		}
	]
}