{
	"textures": {
		"smg": "./smg"
	},
    "display": {
        "thirdperson": {
            "rotation": [ 60, 0, 180 ],
            "translation": [ 0, 0.4, -3 ],
            "scale": [ 0.9, 0.9, 0.9 ]
        },
        "firstperson": {
            "rotation": [ 0, -54, 0 ],
            "translation": [ -2, 6, 0 ],
            "scale": [ 1.9, 1.9, 1.9 ]
        },
        "gui": {
            "rotation": [ 0, 0, 0 ],
            "translation": [ 1.2, 2, 0.2 ],
            "scale": [ 1.54, 1.54, 1.54 ]
        },
        "ground": {
            "rotation": [ 0, 0, 0 ],
            "translation": [ 0, -14, 0 ],
            "scale": [ 3, 3, 3 ]
        },
		"fixed": {
            "rotation": [ 45, 90, 0 ],
            "translation": [ 2, -0.6, 0 ],
            "scale": [ 2.2, 2.2, 2.2 ]
        }
	},
	"elements": [
		{
			"from": [7.1, 2, 8],
			"to": [8.9, 6, 10],
			"rotation": {"angle": -22.5, "axis": "x", "origin": [8, 5, 9]},
			"faces": {
				"north": {"uv": [0, 14, 4, 15], "rotation": 90, "texture": "#smg"},
				"east": {"uv": [0, 14, 4, 16], "rotation": 90, "texture": "#smg"},
				"south": {"uv": [0, 15, 4, 16], "rotation": 90, "texture": "#smg"},
				"west": {"uv": [4, 14, 0, 16], "rotation": 270, "texture": "#smg"},
				"up": {"uv": [0, 14, 1, 16], "texture": "#smg"},
				"down": {"uv": [4, 14, 5, 16], "texture": "#smg"}
			}
		},
		{
			"from": [7.1, -1, 5],
			"to": [8.9, 5, 7],
			"rotation": {"angle": 22.5, "axis": "x", "origin": [8, 5, 9]},
			"faces": {
				"north": {"uv": [8, 3, 14, 4], "rotation": 90, "texture": "#smg"},
				"east": {"uv": [8, 3, 14, 5], "rotation": 90, "texture": "#smg"},
				"south": {"uv": [8, 4, 14, 5], "rotation": 90, "texture": "#smg"},
				"west": {"uv": [14, 3, 8, 5], "rotation": 270, "texture": "#smg"},
				"up": {"uv": [8, 3, 9, 5], "texture": "#smg"},
				"down": {"uv": [13, 3, 14, 5], "texture": "#smg"}
			}
		},
		{
			"from": [7, 5, 4],
			"to": [9, 8, 12],
			"faces": {
				"north": {"uv": [0, 9, 1, 12], "texture": "#smg"},
				"east": {"uv": [8, 9, 0, 12], "texture": "#smg"},
				"south": {"uv": [7, 9, 8, 12], "texture": "#smg"},
				"west": {"uv": [0, 9, 8, 12], "texture": "#smg"},
				"up": {"uv": [0, 6, 8, 8], "rotation": 90, "texture": "#smg"},
				"down": {"uv": [0, 11, 8, 12], "rotation": 270, "texture": "#smg"}
			}
		},
		{
			"from": [8, 3, 6],
			"to": [8, 6, 9],
			"rotation": {"angle": 0, "axis": "y", "origin": [0, -1, 0]},
			"faces": {
				"north": {"uv": [0, 0, 0, 3], "texture": "#smg"},
				"east": {"uv": [15, 12, 12, 15], "texture": "#smg"},
				"south": {"uv": [0, 0, 0, 3], "texture": "#smg"},
				"west": {"uv": [12, 12, 15, 15], "texture": "#smg"},
				"up": {"uv": [0, 0, 0, 3], "texture": "#smg"},
				"down": {"uv": [0, 0, 0, 3], "texture": "#smg"}
			}
		},
		{
			"from": [7, 5.7, 0],
			"to": [9, 7.7, 4],
			"faces": {
				"north": {"uv": [2, 3, 3, 5], "texture": "#smg"},
				"east": {"uv": [6, 3, 2, 5], "texture": "#smg"},
				"south": {"uv": [5, 3, 6, 5], "texture": "#smg"},
				"west": {"uv": [2, 3, 6, 5], "texture": "#smg"},
				"up": {"uv": [2, 0, 6, 2], "rotation": 90, "texture": "#smg"},
				"down": {"uv": [2, 4, 6, 5], "rotation": 270, "texture": "#smg"}
			}
		},
		{
			"from": [7.5, 6.1, -1],
			"to": [8.5, 7.1, 0],
			"faces": {
				"north": {"uv": [0, 4, 1, 5], "texture": "#smg"},
				"east": {"uv": [2, 4, 3, 5], "texture": "#smg"},
				"south": {"uv": [2, 4, 3, 5], "texture": "#smg"},
				"west": {"uv": [2, 4, 3, 5], "texture": "#smg"},
				"up": {"uv": [0, 3, 1, 4], "texture": "#smg"},
				"down": {"uv": [2, 4, 3, 5], "texture": "#smg"}
			}
		},
		{
			"from": [7.5, 5.5, 12],
			"to": [8.5, 7.5, 13],
			"faces": {
				"north": {"uv": [12, 9, 13, 11], "texture": "#smg"},
				"east": {"uv": [12, 9, 13, 11], "texture": "#smg"},
				"south": {"uv": [12, 9, 13, 11], "texture": "#smg"},
				"west": {"uv": [12, 9, 13, 11], "texture": "#smg"},
				"up": {"uv": [12, 9, 13, 10], "texture": "#smg"},
				"down": {"uv": [12, 10, 13, 11], "texture": "#smg"}
			}
		},
		{
			"from": [7.5, 4.1, 13],
			"to": [8.5, 8.1, 14],
			"faces": {
				"north": {"uv": [14, 7, 15, 11], "texture": "#smg"},
				"east": {"uv": [14, 7, 15, 11], "texture": "#smg"},
				"south": {"uv": [14, 7, 15, 11], "texture": "#smg"},
				"west": {"uv": [14, 7, 15, 11], "texture": "#smg"},
				"up": {"uv": [14, 7, 15, 8], "texture": "#smg"},
				"down": {"uv": [14, 10, 15, 11], "texture": "#smg"}
			}
		}
	]
}